"title","keywords","proportion","month","rank"
"人工智慧數據學習應用","學習、應用、數據","55","3","2"
"人才培育教育發展","人才、培育、教育","6","1","9"
"人才教育職涯發展","人才、教育、職涯","32","3","6"
"供應鏈全球合作風險","供應鏈、全球、風險","7","1","8"
"供應鏈風險韌性合作","供應鏈、風險、合作","45","3","4"
"健康醫療數位照護","健康、醫療、數位","23","3","8"
"公司影響海外技術","海外、技術、供應","14","1","2"
"公司成本很多設備","成本、設備、壓力","40","1","1"
"公司治理策略決策","治理、策略、組織","70","3","1"
"國際政策貿易談判","國際、政策、貿易","18","3","9"
"市場品牌消費者需求","市場、消費者、需求","39","3","5"
"市場需求成長挑戰","市場、需求、競爭","9","1","5"
"技術製程未來","技術、封裝、未來","11","1","4"
"排放製社會程","排放、社會、減碳","12","1","3"
"氣候永續能源轉型","氣候、永續、能源","50","3","3"
"產品創新設計體驗","產品、創新、設計","6","3","10"
"研發創新技術突破","研發、技術、突破","7","1","7"
"能源永續環境政策","能源、永續、政策","8","1","6"
"金融成本投資壓力","金融、成本、投資","6","1","10"
"金融資金投資市場","金融、資金、投資","28","3","7"
